curl_easy_unescape,1,function
fromlen,1,variable
ntlm,1,variable
gethostname,1,function
curl_getenv,1,function
filebuffer,1,variable
Curl_rand,1,function
Curl_ntlm_decode_type2_message,1,function
Curl_memrchr,1,function
Curl_httpchunk_read,1,function
main,1,function
curl_slist_free_all,1,function
conn,1,variable
res,1,variable
inet_pton4,1,function
isHandleAtHead,1,function
Curl_raw_equal,1,function
SocketBase,1,variable
polarssl_connect_step1,1,function
easysrc_data,1,variable
mechTokenLength,1,variable
inet_ntop4,1,function
curl_socket,1,function
getpass_r,1,function
Curl_strtok_r,1,function
data,1,variable
vms_special_exit,1,function
CURLE_OK,1,function
curlx_tvnow,1,function
Curl_inet_ntop,1,function
input_token,1,variable
Curl_ntlm_create_type3_message,1,function
domain,1,function
buf,1,variable
Curl_raw_toupper,1,function
internalSetEnv,1,function
length,1,variable
multistate,1,function
convert_char,1,function
easysrc_clean,1,variable
Curl_base64_decode,1,function
parse_filename,1,function
Curl_convert_to_network,1,function
buffer,1,variable
easysrc_toohard,1,variable
cyassl_connect_step1,1,function
Curl_gethostname,1,function
easysrc_code,1,variable
sso_ntlm_initiate,1,function
Curl_raw_nequal,1,function
curl_slist_append,1,function
Curl_base64_encode,1,function
readint_le,1,function
vms_show,1,variable
easysrc_decl,1,variable
Curl_proxyCONNECT,1,function
do_file_type,1,function
neg_ctx,1,variable
curl_free,1,function
Curl_ntlm_create_type1_message,1,function
curl_memlog,1,function
easy,1,variable
dump,1,function
Curl_convert_UTF8_to_wchar,1,function
spnegoTokenLength,1,variable
Curl_httpchunk_init,1,function
Curl_inet_pton,1,function
