gstrptime,1,function
place_histogram_titles,1,function
real,1,variable
parse_equality_expression,1,function
ticfmt,1,variable
xlabel_y,1,variable
ztick_callback,1,function
polyline3d_previous_vertex,1,variable
history,1,variable
tm,1,variable
_strftime,1,function
map_position_double,1,function
cur_entry,1,variable
ytick2d_callback,1,function
gstrftime,1,function
ytick_callback,1,function
newsize,1,variable
plot_boxes,1,function
fillpar,1,function
stackheight,1,variable
pos,1,variable
unset_tics,1,function
xtick2d_callback,1,function
full_month_names,1,variable
accept_multiplicative_expression,1,function
fs,1,variable
abbrev_month_names,1,variable
map3d_xy,1,function
fill_numbers_into_string,1,function
add_history,1,function
malloc,1,variable
text,1,variable
plots,1,variable
time_tic_just,1,function
unset_style,1,function
t_num,1,variable
i,1,variable
place_labels3d,1,function
save_token,1,variable
ggmtime,1,function
parse_additive_expression,1,function
gtimegm,1,function
thiscontour_lp_properties,1,function
add_action,1,function
unset_historysize,1,function
strlen,1,variable
l_clock,1,variable
token,1,variable
xstrftime,1,function
fill,1,function
xtick_callback,1,function
abbrev_day_names,1,variable
int_error,1,function
s,1,variable
widest_tic_callback,1,function
line,1,variable
get_line,1,function
map_position_r,1,function
accept_relational_expression,1,function
read_int,1,function
set_decimalsign,1,function
lp,1,variable
axis_log_value_checked,1,function
const_express,1,function
term,1,variable
parse_expression,1,function
save_position,1,function
assign_label_tag,1,function
do_key_sample,1,function
full_day_names,1,variable
axis_array,1,variable
plot_c_bars,1,function
stack_count,1,variable
place_labels,1,function
a,1,variable
